SELECT * FROM INFORMATION_SCHEMA.TABLES;


CREATE TABLE members (
    no INTEGER NOT NULL,
    member_name VARCHAR(255) NOT NULL,
    email_id VARCHAR(255) NOT NULL UNIQUE,
    password VARCHAR(255) NOT NULL,
    mobile_number VARCHAR(255),
    member_dob DATE,
    reference_member_no INTEGER,
    address1 VARCHAR(255),
    place VARCHAR(255),
    taluk VARCHAR(255),
    district VARCHAR(255),
    state VARCHAR(255),
    pincode VARCHAR(255),
    member_type ENUM('PRIMARY', 'SECONDARY') NOT NULL,
    role ENUM('SUPER_ADMIN', 'USER') NOT NULL,
    PRIMARY KEY (no),
    CONSTRAINT uniq_member_composite UNIQUE (member_name, member_type, reference_member_no)
);


INSERT INTO members (no, member_name, email_id, password, mobile_number, member_dob, reference_member_no, address1, place, taluk, district, state, pincode, member_type, role) VALUES (1, 'അഭിലാഷ്  KP', 'kannandevoos@gmail.com', 'a2FubmFuZGV2b29z', '8893840092', '2025-09-12', null, null, null, 'Cherthala', 'Alappuzha', 'Kerala', '688537', 'PRIMARY', 'USER');
INSERT INTO members (no, member_name, email_id, password, mobile_number, member_dob, reference_member_no, address1, place, taluk, district, state, pincode, member_type, role) VALUES (2, 'ജെയ്‌സൺ  കൊളുത്തുവള്ളി', 'jkraphy@gmail.com', 'amtyYXBoeQ==', '9496017942', '2025-06-03', null, null, null, 'Cherthala', 'Alappuzha', 'Kerala', '688537', 'PRIMARY', 'USER');
INSERT INTO members (no, member_name, email_id, password, mobile_number, member_dob, reference_member_no, address1, place, taluk, district, state, pincode, member_type, role) VALUES (3, 'ജിജിൻ ഫ്രാൻസിസ്', 'jijinfrancisanna@gmail.com', 'amlqaW5mcmFuY2lzYW5uYQ==', '9846417927', '2025-11-18', null, null, null, 'Cherthala', 'Alappuzha', 'Kerala', '688537', 'PRIMARY', 'SUPER_ADMIN');
INSERT INTO members (no, member_name, email_id, password, mobile_number, member_dob, reference_member_no, address1, place, taluk, district, state, pincode, member_type, role) VALUES (4, 'ജീജോ ജേക്കബ്', 'jeejo1441@gmail.com', 'amVlam8xNDQx', '9809523060', '2025-09-06', null, null, null, 'Cherthala', 'Alappuzha', 'Kerala', '688537', 'PRIMARY', 'SUPER_ADMIN');
INSERT INTO members (no, member_name, email_id, password, mobile_number, member_dob, reference_member_no, address1, place, taluk, district, state, pincode, member_type, role) VALUES (5, 'ജിജോ ജോൺ', 'jijojohn777@gmail.com', 'amlqb2pvaG43Nzc=', '9895415828', '2025-12-20', null, null, null, 'Cherthala', 'Alappuzha', 'Kerala', '688537', 'PRIMARY', 'SUPER_ADMIN');
INSERT INTO members (no, member_name, email_id, password, mobile_number, member_dob, reference_member_no, address1, place, taluk, district, state, pincode, member_type, role) VALUES (6, 'ലൂയിസ് ജോസഫ്', 'luisjoseph6551@gmail.com', 'bHVpc2pvc2VwaDY1NTE=', '9947886919', '2025-05-17', null, null, null, 'Cherthala', 'Alappuzha', 'Kerala', '688537', 'PRIMARY', 'USER');
INSERT INTO members (no, member_name, email_id, password, mobile_number, member_dob, reference_member_no, address1, place, taluk, district, state, pincode, member_type, role) VALUES (7, 'മനേഷ് മൈക്കിൽ', 'manesh.micheal@gmail.com', 'bWFuZXNoLm1pY2hlYWw=', '9995227002', '2025-11-07', null, null, null, 'Cherthala', 'Alappuzha', 'Kerala', '688537', 'PRIMARY', 'USER');
INSERT INTO members (no, member_name, email_id, password, mobile_number, member_dob, reference_member_no, address1, place, taluk, district, state, pincode, member_type, role) VALUES (8, 'രാജേഷ്  ദാമോദരൻ', 'rajeshdhamodharan', 'cmFqZXNoZGhhbW9kaGFyYW4=', '9995950402', '2025-12-28', null, null, null, 'Cherthala', 'Alappuzha', 'Kerala', '688537', 'PRIMARY', 'USER');
INSERT INTO members (no, member_name, email_id, password, mobile_number, member_dob, reference_member_no, address1, place, taluk, district, state, pincode, member_type, role) VALUES (9, 'ഷബീന ബഷീർ', 'aalimzayan@gmail.com', 'YWFsaW16YXlhbg==', '9946107720', '2025-11-25', null, null, null, 'Cherthala', 'Alappuzha', 'Kerala', '688537', 'PRIMARY', 'USER');
INSERT INTO members (no, member_name, email_id, password, mobile_number, member_dob, reference_member_no, address1, place, taluk, district, state, pincode, member_type, role) VALUES (10, 'സരിത റഫയൽ', 'saritharaphel@gmail.com', 'c2FyaXRoYXJhcGhlbA==', '7736544685', '2025-05-16', null, null, null, 'Kottayam', 'Kottayam', 'Kerala', '688537', 'PRIMARY', 'USER');
INSERT INTO members (no, member_name, email_id, password, mobile_number, member_dob, reference_member_no, address1, place, taluk, district, state, pincode, member_type, role) VALUES (11, 'സിജിൻ  TV', 'sijin.celine@gmail.com', 'c2lqaW4uY2VsaW5l', '8304081488', '2025-12-18', null, null, null, 'Cherthala', 'Alappuzha', 'Kerala', '688537', 'PRIMARY', 'USER');
INSERT INTO members (no, member_name, email_id, password, mobile_number, member_dob, reference_member_no, address1, place, taluk, district, state, pincode, member_type, role) VALUES (12, 'സുജിത്ത് കൃഷ്ണാ', 'sujithskrishna@gmail.com', 'c3VqaXRoc2tyaXNobmE=', '9845375129', '2025-07-06', null, 'Kaithavalappil House', 'Parayakad PO', 'Cherthala', 'Alappuzha', 'Kerala', '688540', 'PRIMARY', 'SUPER_ADMIN');



CREATE TABLE finance (
    id INTEGER NOT NULL PRIMARY KEY,
	finance_name VARCHAR(255) NOT NULL,
	finance_owner_no INTEGER,
	finance_creationdate DATE NOT NULL,
	finance_amount DOUBLE PRECISION,
	current_balance DOUBLE PRECISION,
    interest_amount DOUBLE PRECISION,
    loan_priority_order_number INTEGER,
    finance_type ENUM('PRIMARY', 'SECONDARY') NOT NULL,
    status ENUM('ACTIVE', 'CLOSED') NOT NULL,
    CONSTRAINT uniq_finance_composite UNIQUE (finance_type, finance_name, finance_owner_no)
);


insert into finance (loan_priority_order_number,current_balance,interest_amount,finance_amount,finance_creationdate,finance_name,finance_owner_no,status,finance_type,id) values (2,100000,0,300,'2023-12-17','Chunks Finance',7,'ACTIVE','PRIMARY',1);
insert into finance (loan_priority_order_number,current_balance,interest_amount,finance_amount,finance_creationdate,finance_name,finance_owner_no,status,finance_type,id) values (1,100000,15,0,'2024-09-01','Onam Fund',2,'ACTIVE','SECONDARY',2);

CREATE TABLE account (
	account_id INTEGER NOT NULL PRIMARY KEY,
    account_holder_name INTEGER,
    balance_amount NUMERIC(19,2),
    balance_amount_including_interest NUMERIC(19,2),
    finance_id INTEGER,
    current_status ENUM('ACTIVE', 'CLOSED') NOT NULL,
    UNIQUE (account_holder_name, finance_id)
);


CREATE TABLE account_transactions (
    account_transactions_id INTEGER NOT NULL PRIMARY KEY,
    account_holder_name INTEGER,
    amount NUMERIC(19,2),
    finance_id INTEGER,
    payment_date DATE,
    first_approver_member_no INTEGER,
    first_approval_date_time TIMESTAMP(6),    
    second_approver_member_no INTEGER,
    second_approval_date_time TIMESTAMP(6)
);



CREATE TABLE LOAN_ENQUIRES (
    LOAN_ENQUIRES_ID INTEGER NOT NULL, 
	LOAN_ENQUIRES_REFERENCE_NAME INTEGER, 
	ENQUIRES_APPLICANT_NAME VARCHAR(255), 
	LOAN_AMOUNT NUMERIC(19,2), 
    LOAN_ENQUIRES_DATE DATE, 
    CURRENT_STATUS VARCHAR(10) NOT NULL, 
    PRIMARY KEY (LOAN_ENQUIRES_ID),
    CHECK (CURRENT_STATUS IN ('CLOSE', 'OPEN'))
);



INSERT INTO LOAN_ENQUIRES (LOAN_ENQUIRES_ID, LOAN_ENQUIRES_REFERENCE_NAME, ENQUIRES_APPLICANT_NAME, LOAN_AMOUNT, LOAN_ENQUIRES_DATE, CURRENT_STATUS) VALUES (1, 1, 'അഭിലാഷ് Friend', 10000.00, '2025-03-09', 'OPEN');
INSERT INTO LOAN_ENQUIRES (LOAN_ENQUIRES_ID, LOAN_ENQUIRES_REFERENCE_NAME, ENQUIRES_APPLICANT_NAME, LOAN_AMOUNT, LOAN_ENQUIRES_DATE, CURRENT_STATUS) VALUES (2, 12, 'സുജിത്ത് Friend', 6000.00, '2025-03-16', 'OPEN');
INSERT INTO LOAN_ENQUIRES (LOAN_ENQUIRES_ID, LOAN_ENQUIRES_REFERENCE_NAME, ENQUIRES_APPLICANT_NAME, LOAN_AMOUNT, LOAN_ENQUIRES_DATE, CURRENT_STATUS) VALUES (3, 12, 'സുജിത്ത് Friend', 5000.00, '2025-03-16', 'OPEN');
INSERT INTO LOAN_ENQUIRES (LOAN_ENQUIRES_ID, LOAN_ENQUIRES_REFERENCE_NAME, ENQUIRES_APPLICANT_NAME, LOAN_AMOUNT, LOAN_ENQUIRES_DATE, CURRENT_STATUS) VALUES (4, 11, 'സിജിൻ Friend', 25000.00, '2025-03-09', 'OPEN');
INSERT INTO LOAN_ENQUIRES (LOAN_ENQUIRES_ID, LOAN_ENQUIRES_REFERENCE_NAME, ENQUIRES_APPLICANT_NAME, LOAN_AMOUNT, LOAN_ENQUIRES_DATE, CURRENT_STATUS) VALUES (5, 12, 'സുജിത്ത് Friend', 15000.00, '2025-03-16', 'OPEN');
INSERT INTO LOAN_ENQUIRES (LOAN_ENQUIRES_ID, LOAN_ENQUIRES_REFERENCE_NAME, ENQUIRES_APPLICANT_NAME, LOAN_AMOUNT, LOAN_ENQUIRES_DATE, CURRENT_STATUS) VALUES (6, 11, 'സിജിൻ Friend', 10000.00, '2025-03-09', 'OPEN');
INSERT INTO LOAN_ENQUIRES (LOAN_ENQUIRES_ID, LOAN_ENQUIRES_REFERENCE_NAME, ENQUIRES_APPLICANT_NAME, LOAN_AMOUNT, LOAN_ENQUIRES_DATE, CURRENT_STATUS) VALUES (7, 11, 'സിജിൻ New Frioend', 8000.00, '2025-03-09', 'OPEN');





CREATE TABLE revenue (
    revenue_number INTEGER NOT NULL,
	finance_id INTEGER,	
	spender_member_no INTEGER,
	spender_details VARCHAR(255),
	spend_date DATE NOT NULL,
    spend_amount FLOAT(53) NOT NULL,
	first_approver_member_no INTEGER,
    second_approver_member_no INTEGER,
    first_approval_date_time TIMESTAMP(6),
    second_approval_date_time TIMESTAMP(6),
    current_status ENUM('COMPLETED', 'INITIAL_APPROVAL', 'INPROGRESS', 'REJECTED') NOT NULL,
    PRIMARY KEY (revenue_number)
);





CREATE TABLE expenses (
    expenses_number INTEGER NOT NULL,
    finance_id INTEGER,
	spender_details VARCHAR(255),
    spend_amount FLOAT(53) NOT NULL,
    spend_date DATE NOT NULL,
    spender_member_no INTEGER,
    first_approver_member_no INTEGER,
    second_approver_member_no INTEGER,
    first_approval_date_time TIMESTAMP(6),
    second_approval_date_time TIMESTAMP(6),
    current_status VARCHAR(20) CHECK (current_status IN ('COMPLETED', 'INITIAL_APPROVAL', 'INPROGRESS', 'REJECTED')) NOT NULL,
    PRIMARY KEY (expenses_number)
);





CREATE TABLE loan (
    loan_no INTEGER NOT NULL PRIMARY KEY,
	loan_applicant_name INTEGER,
	loan_reference_name INTEGER,
	loan_date DATE,
	loan_start_date DATE,
    loan_end_date DATE,
	loan_preclosure_date DATE,
	loan_amount NUMERIC(19,2),
	disbursement_amount NUMERIC(19,2),
	interest_amount NUMERIC(19,2),
    finance_id INTEGER,
    preclosure_amount NUMERIC(19,2),
    received_amount NUMERIC(19,2),
    remaining_balance NUMERIC(19,2),
	first_approver_member_no INTEGER,
	first_approval_date_time TIMESTAMP(6),
    second_approver_member_no INTEGER,
    second_approval_date_time TIMESTAMP(6),
    current_status VARCHAR(20) CHECK (current_status IN ('CLOSED', 'INITIAL_APPROVAL', 'INPROGRESS', 'PRE_CLOSED', 'REJECTED', 'REQUESTED'))
);



CREATE TABLE loan_emi_detail (
emi_id INT NOT NULL PRIMARY KEY,
loan_no INT,
emi_number INT,
emi_date DATE,
emi_amount DECIMAL(19,2),
paid_amount DECIMAL(19,2),
paid_on_time BOOLEAN,
first_approver_member_no INT,
first_approval_date_time TIMESTAMP(6),
second_approver_member_no INT,
second_approval_date_time TIMESTAMP(6),
payment_date_time TIMESTAMP(6),
current_status ENUM(
	'INITIAL_APPROVAL', 
	'INPROGRESS', 
	'PAID', 
	'PAYMENT_INITIAL_APPROVAL', 
	'PAYMENT_SUBMITTED', 
	'PRECLOSE', 
	'REQUESTED'
) NOT NULL
);


CREATE TABLE chits (
	chits_no INTEGER NOT NULL,
    chits_name_of INTEGER,
    chits_start_date DATE,
    finance_id INTEGER,
    total_chits_amount INTEGER,
    total_chits_number INTEGER,
	first_approver_member_no INTEGER,
	second_approver_member_no INTEGER,
	first_approval_date_time TIMESTAMP(6),
	second_approval_date_time TIMESTAMP(6),    
    current_status VARCHAR(20) CHECK (current_status IN ('CLOSED', 'INITIAL_APPROVAL', 'INPROGRESS', 'REJECTED', 'REQUESTED')) NOT NULL,
    PRIMARY KEY (chits_no)
);



CREATE TABLE chits_emi_detail (
    emi_id INTEGER NOT NULL,
	emi_number INTEGER,
	amount NUMERIC(19, 2),
    chits_no INTEGER,
    emi_date DATE,
    paid_on_time BOOLEAN,    
	payment_date_time TIMESTAMP(6),
    first_approver_member_no INTEGER,
    second_approver_member_no INTEGER,
    first_approval_date_time TIMESTAMP(6),
    second_approval_date_time TIMESTAMP(6),
    current_status VARCHAR(20) CHECK (current_status IN ('INITIAL_APPROVAL', 'INPROGRESS', 'PAID','REQUESTED')) NOT NULL,
    PRIMARY KEY (emi_id)
);



CREATE TABLE settings (
    no INTEGER NOT NULL PRIMARY KEY,
    last_updated_date TIMESTAMP(6),
    settings_name VARCHAR(255),
    settings_value VARCHAR(255),
    last_updated_member_no INTEGER
);

INSERT INTO settings (no, last_updated_date, settings_name, settings_value, last_updated_member_no) 
VALUES (1, '2025-03-06 02:22:37.0538', 'approvalProcess', 'approvalProcessParallel', 12);

INSERT INTO settings (no, last_updated_date, settings_name, settings_value, last_updated_member_no) 
VALUES (2, '2025-03-06 02:22:37.0538', 'secondaryLogin', 'loginStatusNo', 12);

INSERT INTO settings (no, last_updated_date, settings_name, settings_value, last_updated_member_no) 
VALUES (3, '2025-03-06 02:22:37.0538', 'approvalCutOffDay', 'Sunday', 12);

INSERT INTO settings (no, last_updated_date, settings_name, settings_value, last_updated_member_no) 
VALUES (4, '2025-03-06 02:22:37.0538', 'approvalCutOffTime', '16:00', 12);

INSERT INTO settings (no, last_updated_date, settings_name, settings_value, last_updated_member_no) 
VALUES (5, '2025-03-06 02:22:37.0538', 'expensesStatus', 'expensesStatusNo', 12);

INSERT INTO settings (no, last_updated_date, settings_name, settings_value, last_updated_member_no) 
VALUES (6, '2025-03-06 02:22:37.0538', 'revenueStatus', 'revenueStatusNo', 12);



INSERT INTO "PUBLIC"."CHITS" VALUES(1, 7, DATE '2023-10-21', 1, 300000, NULL, 7, 12, TIMESTAMP '2025-03-09 01:05:48.928164', TIMESTAMP '2025-03-09 01:05:36.067582', 'INPROGRESS');
INSERT INTO "PUBLIC"."CHITS" VALUES(2, 7, DATE '2023-10-08', 1, 400000, NULL, 20, 7, NULL, NULL, 'REQUESTED');
INSERT INTO "PUBLIC"."CHITS" VALUES(3, 4, DATE '2024-01-04', 1, 500000, NULL, 7, 12, TIMESTAMP '2025-03-09 01:05:51.005438', TIMESTAMP '2025-03-09 01:05:37.64677', 'INPROGRESS');
INSERT INTO "PUBLIC"."CHITS" VALUES(4, 7, DATE '2024-08-01', 1, 700000, NULL, 20, 7, NULL, NULL, 'REQUESTED');
INSERT INTO "PUBLIC"."CHITS" VALUES(5, 1, DATE '2023-03-03', 1, 800000, NULL, 7, 12, TIMESTAMP '2025-03-09 01:05:52.104645', TIMESTAMP '2025-03-09 01:05:39.219406', 'INPROGRESS');
INSERT INTO "PUBLIC"."CHITS" VALUES(6, 6, DATE '2023-03-09', 2, 700000, NULL, 20, 2, NULL, NULL, 'REQUESTED');


INSERT INTO "PUBLIC"."CHITS_EMI_DETAIL" VALUES(1, 1, 15000.00, 1, DATE '2023-11-21', NULL, NULL, 7, NULL, NULL, NULL, 'INPROGRESS');
INSERT INTO "PUBLIC"."CHITS_EMI_DETAIL" VALUES(2, 2, 11550.00, 1, DATE '2023-12-21', NULL, NULL, 7, NULL, NULL, NULL, 'INPROGRESS');
INSERT INTO "PUBLIC"."CHITS_EMI_DETAIL" VALUES(3, 3, 11700.00, 1, DATE '2024-01-21', NULL, NULL, 7, NULL, NULL, NULL, 'INPROGRESS');
INSERT INTO "PUBLIC"."CHITS_EMI_DETAIL" VALUES(4, 4, 11850.00, 1, DATE '2024-02-21', NULL, NULL, 7, NULL, NULL, NULL, 'INPROGRESS');
INSERT INTO "PUBLIC"."CHITS_EMI_DETAIL" VALUES(5, 5, 12150.00, 1, DATE '2024-03-21', NULL, NULL, 7, NULL, NULL, NULL, 'INPROGRESS');
INSERT INTO "PUBLIC"."CHITS_EMI_DETAIL" VALUES(6, 6, 12150.00, 1, DATE '2024-04-21', NULL, NULL, 7, NULL, NULL, NULL, 'INPROGRESS');
INSERT INTO "PUBLIC"."CHITS_EMI_DETAIL" VALUES(7, 7, 12300.00, 1, DATE '2024-05-21', NULL, NULL, 7, NULL, NULL, NULL, 'INPROGRESS');
INSERT INTO "PUBLIC"."CHITS_EMI_DETAIL" VALUES(8, 8, 12450.00, 1, DATE '2024-06-21', NULL, NULL, 7, NULL, NULL, NULL, 'INPROGRESS');
INSERT INTO "PUBLIC"."CHITS_EMI_DETAIL" VALUES(9, 9, 12600.00, 1, DATE '2024-07-21', NULL, NULL, 7, NULL, NULL, NULL, 'INPROGRESS');
INSERT INTO "PUBLIC"."CHITS_EMI_DETAIL" VALUES(10, 10, 12750.00, 1, DATE '2024-08-21', NULL, NULL, 7, NULL, NULL, NULL, 'INPROGRESS');
INSERT INTO "PUBLIC"."CHITS_EMI_DETAIL" VALUES(11, 11, 12900.00, 1, DATE '2024-09-21', NULL, NULL, 7, NULL, NULL, NULL, 'INPROGRESS');
INSERT INTO "PUBLIC"."CHITS_EMI_DETAIL" VALUES(12, 12, 13200.00, 1, DATE '2024-10-21', NULL, NULL, 7, NULL, NULL, NULL, 'INPROGRESS');
INSERT INTO "PUBLIC"."CHITS_EMI_DETAIL" VALUES(13, 13, 13500.00, 1, DATE '2024-11-21', NULL, NULL, 7, NULL, NULL, NULL, 'INPROGRESS');
INSERT INTO "PUBLIC"."CHITS_EMI_DETAIL" VALUES(14, 14, 13800.00, 1, DATE '2024-12-21', NULL, NULL, 7, NULL, NULL, NULL, 'INPROGRESS');
INSERT INTO "PUBLIC"."CHITS_EMI_DETAIL" VALUES(15, 15, 14100.00, 1, DATE '2025-01-21', NULL, NULL, 7, NULL, NULL, NULL, 'INPROGRESS');
INSERT INTO "PUBLIC"."CHITS_EMI_DETAIL" VALUES(16, 16, 14400.00, 1, DATE '2025-02-21', NULL, NULL, 7, NULL, NULL, NULL, 'INPROGRESS');
INSERT INTO "PUBLIC"."CHITS_EMI_DETAIL" VALUES(17, 17, 14550.00, 1, DATE '2025-03-21', NULL, NULL, 7, NULL, NULL, NULL, 'INPROGRESS');
INSERT INTO "PUBLIC"."CHITS_EMI_DETAIL" VALUES(18, 18, 14700.00, 1, DATE '2025-04-21', NULL, NULL, 7, NULL, NULL, NULL, 'INPROGRESS');
INSERT INTO "PUBLIC"."CHITS_EMI_DETAIL" VALUES(19, 19, 14850.00, 1, DATE '2025-05-21', NULL, NULL, 7, NULL, NULL, NULL, 'INPROGRESS');
INSERT INTO "PUBLIC"."CHITS_EMI_DETAIL" VALUES(20, 20, 15000.00, 1, DATE '2025-06-21', NULL, NULL, 7, NULL, NULL, NULL, 'INPROGRESS');
INSERT INTO "PUBLIC"."CHITS_EMI_DETAIL" VALUES(21, 1, 20000.00, 2, DATE '2023-11-08', NULL, NULL, 7, NULL, NULL, NULL, 'REQUESTED');
INSERT INTO "PUBLIC"."CHITS_EMI_DETAIL" VALUES(22, 2, 15400.00, 2, DATE '2023-12-08', NULL, NULL, 7, NULL, NULL, NULL, 'REQUESTED');
INSERT INTO "PUBLIC"."CHITS_EMI_DETAIL" VALUES(23, 3, 15600.00, 2, DATE '2024-01-08', NULL, NULL, 7, NULL, NULL, NULL, 'REQUESTED');
INSERT INTO "PUBLIC"."CHITS_EMI_DETAIL" VALUES(24, 4, 15800.00, 2, DATE '2024-02-08', NULL, NULL, 7, NULL, NULL, NULL, 'REQUESTED');
INSERT INTO "PUBLIC"."CHITS_EMI_DETAIL" VALUES(25, 5, 16200.00, 2, DATE '2024-03-08', NULL, NULL, 7, NULL, NULL, NULL, 'REQUESTED');
INSERT INTO "PUBLIC"."CHITS_EMI_DETAIL" VALUES(26, 6, 16200.00, 2, DATE '2024-04-08', NULL, NULL, 7, NULL, NULL, NULL, 'REQUESTED');
INSERT INTO "PUBLIC"."CHITS_EMI_DETAIL" VALUES(27, 7, 16400.00, 2, DATE '2024-05-08', NULL, NULL, 7, NULL, NULL, NULL, 'REQUESTED');
INSERT INTO "PUBLIC"."CHITS_EMI_DETAIL" VALUES(28, 8, 16600.00, 2, DATE '2024-06-08', NULL, NULL, 7, NULL, NULL, NULL, 'REQUESTED');
INSERT INTO "PUBLIC"."CHITS_EMI_DETAIL" VALUES(29, 9, 16800.00, 2, DATE '2024-07-08', NULL, NULL, 7, NULL, NULL, NULL, 'REQUESTED');
INSERT INTO "PUBLIC"."CHITS_EMI_DETAIL" VALUES(30, 10, 17000.00, 2, DATE '2024-08-08', NULL, NULL, 7, NULL, NULL, NULL, 'REQUESTED');
INSERT INTO "PUBLIC"."CHITS_EMI_DETAIL" VALUES(31, 11, 17200.00, 2, DATE '2024-09-08', NULL, NULL, 7, NULL, NULL, NULL, 'REQUESTED');
INSERT INTO "PUBLIC"."CHITS_EMI_DETAIL" VALUES(32, 12, 17600.00, 2, DATE '2024-10-08', NULL, NULL, 7, NULL, NULL, NULL, 'REQUESTED');
INSERT INTO "PUBLIC"."CHITS_EMI_DETAIL" VALUES(33, 13, 18000.00, 2, DATE '2024-11-08', NULL, NULL, 7, NULL, NULL, NULL, 'REQUESTED');
INSERT INTO "PUBLIC"."CHITS_EMI_DETAIL" VALUES(34, 14, 18400.00, 2, DATE '2024-12-08', NULL, NULL, 7, NULL, NULL, NULL, 'REQUESTED');
INSERT INTO "PUBLIC"."CHITS_EMI_DETAIL" VALUES(35, 15, 18800.00, 2, DATE '2025-01-08', NULL, NULL, 7, NULL, NULL, NULL, 'REQUESTED');
INSERT INTO "PUBLIC"."CHITS_EMI_DETAIL" VALUES(36, 16, 19200.00, 2, DATE '2025-02-08', NULL, NULL, 7, NULL, NULL, NULL, 'REQUESTED');
INSERT INTO "PUBLIC"."CHITS_EMI_DETAIL" VALUES(37, 17, 19400.00, 2, DATE '2025-03-08', NULL, NULL, 7, NULL, NULL, NULL, 'REQUESTED');
INSERT INTO "PUBLIC"."CHITS_EMI_DETAIL" VALUES(38, 18, 19600.00, 2, DATE '2025-04-08', NULL, NULL, 7, NULL, NULL, NULL, 'REQUESTED');
INSERT INTO "PUBLIC"."CHITS_EMI_DETAIL" VALUES(39, 19, 19800.00, 2, DATE '2025-05-08', NULL, NULL, 7, NULL, NULL, NULL, 'REQUESTED');
INSERT INTO "PUBLIC"."CHITS_EMI_DETAIL" VALUES(40, 20, 20000.00, 2, DATE '2025-06-08', NULL, NULL, 7, NULL, NULL, NULL, 'REQUESTED');
INSERT INTO "PUBLIC"."CHITS_EMI_DETAIL" VALUES(41, 1, 25000.00, 3, DATE '2024-02-04', NULL, NULL, 7, NULL, NULL, NULL, 'INPROGRESS');
INSERT INTO "PUBLIC"."CHITS_EMI_DETAIL" VALUES(42, 2, 19250.00, 3, DATE '2024-03-04', NULL, NULL, 7, NULL, NULL, NULL, 'INPROGRESS');
INSERT INTO "PUBLIC"."CHITS_EMI_DETAIL" VALUES(43, 3, 19500.00, 3, DATE '2024-04-04', NULL, NULL, 7, NULL, NULL, NULL, 'INPROGRESS');
INSERT INTO "PUBLIC"."CHITS_EMI_DETAIL" VALUES(44, 4, 19750.00, 3, DATE '2024-05-04', NULL, NULL, 7, NULL, NULL, NULL, 'INPROGRESS');
INSERT INTO "PUBLIC"."CHITS_EMI_DETAIL" VALUES(45, 5, 20250.00, 3, DATE '2024-06-04', NULL, NULL, 7, NULL, NULL, NULL, 'INPROGRESS');
INSERT INTO "PUBLIC"."CHITS_EMI_DETAIL" VALUES(46, 6, 20250.00, 3, DATE '2024-07-04', NULL, NULL, 7, NULL, NULL, NULL, 'INPROGRESS');
INSERT INTO "PUBLIC"."CHITS_EMI_DETAIL" VALUES(47, 7, 20500.00, 3, DATE '2024-08-04', NULL, NULL, 7, NULL, NULL, NULL, 'INPROGRESS');
INSERT INTO "PUBLIC"."CHITS_EMI_DETAIL" VALUES(48, 8, 20750.00, 3, DATE '2024-09-04', NULL, NULL, 7, NULL, NULL, NULL, 'INPROGRESS');
INSERT INTO "PUBLIC"."CHITS_EMI_DETAIL" VALUES(49, 9, 21000.00, 3, DATE '2024-10-04', NULL, NULL, 7, NULL, NULL, NULL, 'INPROGRESS');
INSERT INTO "PUBLIC"."CHITS_EMI_DETAIL" VALUES(50, 10, 21250.00, 3, DATE '2024-11-04', NULL, NULL, 7, NULL, NULL, NULL, 'INPROGRESS');
INSERT INTO "PUBLIC"."CHITS_EMI_DETAIL" VALUES(51, 11, 21500.00, 3, DATE '2024-12-04', NULL, NULL, 7, NULL, NULL, NULL, 'INPROGRESS');
INSERT INTO "PUBLIC"."CHITS_EMI_DETAIL" VALUES(52, 12, 22000.00, 3, DATE '2025-01-04', NULL, NULL, 7, NULL, NULL, NULL, 'INPROGRESS');
INSERT INTO "PUBLIC"."CHITS_EMI_DETAIL" VALUES(53, 13, 22500.00, 3, DATE '2025-02-04', NULL, NULL, 7, NULL, NULL, NULL, 'INPROGRESS');
INSERT INTO "PUBLIC"."CHITS_EMI_DETAIL" VALUES(54, 14, 23000.00, 3, DATE '2025-03-04', NULL, NULL, 7, NULL, NULL, NULL, 'INPROGRESS');
INSERT INTO "PUBLIC"."CHITS_EMI_DETAIL" VALUES(55, 15, 23500.00, 3, DATE '2025-04-04', NULL, NULL, 7, NULL, NULL, NULL, 'INPROGRESS');
INSERT INTO "PUBLIC"."CHITS_EMI_DETAIL" VALUES(56, 16, 24000.00, 3, DATE '2025-05-04', NULL, NULL, 7, NULL, NULL, NULL, 'INPROGRESS');
INSERT INTO "PUBLIC"."CHITS_EMI_DETAIL" VALUES(57, 17, 24250.00, 3, DATE '2025-06-04', NULL, NULL, 7, NULL, NULL, NULL, 'INPROGRESS');
INSERT INTO "PUBLIC"."CHITS_EMI_DETAIL" VALUES(58, 18, 24500.00, 3, DATE '2025-07-04', NULL, NULL, 7, NULL, NULL, NULL, 'INPROGRESS');
INSERT INTO "PUBLIC"."CHITS_EMI_DETAIL" VALUES(59, 19, 24750.00, 3, DATE '2025-08-04', NULL, NULL, 7, NULL, NULL, NULL, 'INPROGRESS');
INSERT INTO "PUBLIC"."CHITS_EMI_DETAIL" VALUES(60, 20, 25000.00, 3, DATE '2025-09-04', NULL, NULL, 7, NULL, NULL, NULL, 'INPROGRESS');
INSERT INTO "PUBLIC"."CHITS_EMI_DETAIL" VALUES(61, 1, 35000.00, 4, DATE '2024-09-01', NULL, NULL, 7, NULL, NULL, NULL, 'REQUESTED');
INSERT INTO "PUBLIC"."CHITS_EMI_DETAIL" VALUES(62, 2, 26950.00, 4, DATE '2024-10-01', NULL, NULL, 7, NULL, NULL, NULL, 'REQUESTED');
INSERT INTO "PUBLIC"."CHITS_EMI_DETAIL" VALUES(63, 3, 27300.00, 4, DATE '2024-11-01', NULL, NULL, 7, NULL, NULL, NULL, 'REQUESTED');
INSERT INTO "PUBLIC"."CHITS_EMI_DETAIL" VALUES(64, 4, 27650.00, 4, DATE '2024-12-01', NULL, NULL, 7, NULL, NULL, NULL, 'REQUESTED');
INSERT INTO "PUBLIC"."CHITS_EMI_DETAIL" VALUES(65, 5, 28350.00, 4, DATE '2025-01-01', NULL, NULL, 7, NULL, NULL, NULL, 'REQUESTED');
INSERT INTO "PUBLIC"."CHITS_EMI_DETAIL" VALUES(66, 6, 28350.00, 4, DATE '2025-02-01', NULL, NULL, 7, NULL, NULL, NULL, 'REQUESTED');
INSERT INTO "PUBLIC"."CHITS_EMI_DETAIL" VALUES(67, 7, 28700.00, 4, DATE '2025-03-01', NULL, NULL, 7, NULL, NULL, NULL, 'REQUESTED');
INSERT INTO "PUBLIC"."CHITS_EMI_DETAIL" VALUES(68, 8, 29050.00, 4, DATE '2025-04-01', NULL, NULL, 7, NULL, NULL, NULL, 'REQUESTED');
INSERT INTO "PUBLIC"."CHITS_EMI_DETAIL" VALUES(69, 9, 29400.00, 4, DATE '2025-05-01', NULL, NULL, 7, NULL, NULL, NULL, 'REQUESTED');
INSERT INTO "PUBLIC"."CHITS_EMI_DETAIL" VALUES(70, 10, 29750.00, 4, DATE '2025-06-01', NULL, NULL, 7, NULL, NULL, NULL, 'REQUESTED');
INSERT INTO "PUBLIC"."CHITS_EMI_DETAIL" VALUES(71, 11, 30100.00, 4, DATE '2025-07-01', NULL, NULL, 7, NULL, NULL, NULL, 'REQUESTED');
INSERT INTO "PUBLIC"."CHITS_EMI_DETAIL" VALUES(72, 12, 30800.00, 4, DATE '2025-08-01', NULL, NULL, 7, NULL, NULL, NULL, 'REQUESTED');
INSERT INTO "PUBLIC"."CHITS_EMI_DETAIL" VALUES(73, 13, 31500.00, 4, DATE '2025-09-01', NULL, NULL, 7, NULL, NULL, NULL, 'REQUESTED');
INSERT INTO "PUBLIC"."CHITS_EMI_DETAIL" VALUES(74, 14, 32200.00, 4, DATE '2025-10-01', NULL, NULL, 7, NULL, NULL, NULL, 'REQUESTED');
INSERT INTO "PUBLIC"."CHITS_EMI_DETAIL" VALUES(75, 15, 32900.00, 4, DATE '2025-11-01', NULL, NULL, 7, NULL, NULL, NULL, 'REQUESTED');
INSERT INTO "PUBLIC"."CHITS_EMI_DETAIL" VALUES(76, 16, 33600.00, 4, DATE '2025-12-01', NULL, NULL, 7, NULL, NULL, NULL, 'REQUESTED');
INSERT INTO "PUBLIC"."CHITS_EMI_DETAIL" VALUES(77, 17, 33950.00, 4, DATE '2026-01-01', NULL, NULL, 7, NULL, NULL, NULL, 'REQUESTED');
INSERT INTO "PUBLIC"."CHITS_EMI_DETAIL" VALUES(78, 18, 34300.00, 4, DATE '2026-02-01', NULL, NULL, 7, NULL, NULL, NULL, 'REQUESTED');
INSERT INTO "PUBLIC"."CHITS_EMI_DETAIL" VALUES(79, 19, 34650.00, 4, DATE '2026-03-01', NULL, NULL, 7, NULL, NULL, NULL, 'REQUESTED');
INSERT INTO "PUBLIC"."CHITS_EMI_DETAIL" VALUES(80, 20, 35000.00, 4, DATE '2026-04-01', NULL, NULL, 7, NULL, NULL, NULL, 'REQUESTED');
INSERT INTO "PUBLIC"."CHITS_EMI_DETAIL" VALUES(81, 1, 40000.00, 5, DATE '2023-04-03', NULL, NULL, 7, NULL, NULL, NULL, 'INPROGRESS');
INSERT INTO "PUBLIC"."CHITS_EMI_DETAIL" VALUES(82, 2, 30800.00, 5, DATE '2023-05-03', NULL, NULL, 7, NULL, NULL, NULL, 'INPROGRESS');
INSERT INTO "PUBLIC"."CHITS_EMI_DETAIL" VALUES(83, 3, 31200.00, 5, DATE '2023-06-03', NULL, NULL, 7, NULL, NULL, NULL, 'INPROGRESS');
INSERT INTO "PUBLIC"."CHITS_EMI_DETAIL" VALUES(84, 4, 31600.00, 5, DATE '2023-07-03', NULL, NULL, 7, NULL, NULL, NULL, 'INPROGRESS');
INSERT INTO "PUBLIC"."CHITS_EMI_DETAIL" VALUES(85, 5, 32400.00, 5, DATE '2023-08-03', NULL, NULL, 7, NULL, NULL, NULL, 'INPROGRESS');
INSERT INTO "PUBLIC"."CHITS_EMI_DETAIL" VALUES(86, 6, 32400.00, 5, DATE '2023-09-03', NULL, NULL, 7, NULL, NULL, NULL, 'INPROGRESS');
INSERT INTO "PUBLIC"."CHITS_EMI_DETAIL" VALUES(87, 7, 32800.00, 5, DATE '2023-10-03', NULL, NULL, 7, NULL, NULL, NULL, 'INPROGRESS');
INSERT INTO "PUBLIC"."CHITS_EMI_DETAIL" VALUES(88, 8, 33200.00, 5, DATE '2023-11-03', NULL, NULL, 7, NULL, NULL, NULL, 'INPROGRESS');
INSERT INTO "PUBLIC"."CHITS_EMI_DETAIL" VALUES(89, 9, 33600.00, 5, DATE '2023-12-03', NULL, NULL, 7, NULL, NULL, NULL, 'INPROGRESS');
INSERT INTO "PUBLIC"."CHITS_EMI_DETAIL" VALUES(90, 10, 34000.00, 5, DATE '2024-01-03', NULL, NULL, 7, NULL, NULL, NULL, 'INPROGRESS');
INSERT INTO "PUBLIC"."CHITS_EMI_DETAIL" VALUES(91, 11, 34400.00, 5, DATE '2024-02-03', NULL, NULL, 7, NULL, NULL, NULL, 'INPROGRESS');
INSERT INTO "PUBLIC"."CHITS_EMI_DETAIL" VALUES(92, 12, 35200.00, 5, DATE '2024-03-03', NULL, NULL, 7, NULL, NULL, NULL, 'INPROGRESS');
INSERT INTO "PUBLIC"."CHITS_EMI_DETAIL" VALUES(93, 13, 36000.00, 5, DATE '2024-04-03', NULL, NULL, 7, NULL, NULL, NULL, 'INPROGRESS');
INSERT INTO "PUBLIC"."CHITS_EMI_DETAIL" VALUES(94, 14, 36800.00, 5, DATE '2024-05-03', NULL, NULL, 7, NULL, NULL, NULL, 'INPROGRESS');
INSERT INTO "PUBLIC"."CHITS_EMI_DETAIL" VALUES(95, 15, 37600.00, 5, DATE '2024-06-03', NULL, NULL, 7, NULL, NULL, NULL, 'INPROGRESS');
INSERT INTO "PUBLIC"."CHITS_EMI_DETAIL" VALUES(96, 16, 38400.00, 5, DATE '2024-07-03', NULL, NULL, 7, NULL, NULL, NULL, 'INPROGRESS');
INSERT INTO "PUBLIC"."CHITS_EMI_DETAIL" VALUES(97, 17, 38800.00, 5, DATE '2024-08-03', NULL, NULL, 7, NULL, NULL, NULL, 'INPROGRESS');
INSERT INTO "PUBLIC"."CHITS_EMI_DETAIL" VALUES(98, 18, 39200.00, 5, DATE '2024-09-03', NULL, NULL, 7, NULL, NULL, NULL, 'INPROGRESS');
INSERT INTO "PUBLIC"."CHITS_EMI_DETAIL" VALUES(99, 19, 39600.00, 5, DATE '2024-10-03', NULL, NULL, 7, NULL, NULL, NULL, 'INPROGRESS');
INSERT INTO "PUBLIC"."CHITS_EMI_DETAIL" VALUES(100, 20, 40000.00, 5, DATE '2024-11-03', NULL, NULL, 7, NULL, NULL, NULL, 'INPROGRESS');
INSERT INTO "PUBLIC"."CHITS_EMI_DETAIL" VALUES(101, 1, 35000.00, 6, DATE '2023-04-09', NULL, NULL, 2, NULL, NULL, NULL, 'REQUESTED');
INSERT INTO "PUBLIC"."CHITS_EMI_DETAIL" VALUES(102, 2, 26950.00, 6, DATE '2023-05-09', NULL, NULL, 2, NULL, NULL, NULL, 'REQUESTED');
INSERT INTO "PUBLIC"."CHITS_EMI_DETAIL" VALUES(103, 3, 27300.00, 6, DATE '2023-06-09', NULL, NULL, 2, NULL, NULL, NULL, 'REQUESTED');
INSERT INTO "PUBLIC"."CHITS_EMI_DETAIL" VALUES(104, 4, 27650.00, 6, DATE '2023-07-09', NULL, NULL, 2, NULL, NULL, NULL, 'REQUESTED');
INSERT INTO "PUBLIC"."CHITS_EMI_DETAIL" VALUES(105, 5, 28350.00, 6, DATE '2023-08-09', NULL, NULL, 2, NULL, NULL, NULL, 'REQUESTED');
INSERT INTO "PUBLIC"."CHITS_EMI_DETAIL" VALUES(106, 6, 28350.00, 6, DATE '2023-09-09', NULL, NULL, 2, NULL, NULL, NULL, 'REQUESTED');
INSERT INTO "PUBLIC"."CHITS_EMI_DETAIL" VALUES(107, 7, 28700.00, 6, DATE '2023-10-09', NULL, NULL, 2, NULL, NULL, NULL, 'REQUESTED');
INSERT INTO "PUBLIC"."CHITS_EMI_DETAIL" VALUES(108, 8, 29050.00, 6, DATE '2023-11-09', NULL, NULL, 2, NULL, NULL, NULL, 'REQUESTED');
INSERT INTO "PUBLIC"."CHITS_EMI_DETAIL" VALUES(109, 9, 29400.00, 6, DATE '2023-12-09', NULL, NULL, 2, NULL, NULL, NULL, 'REQUESTED');
INSERT INTO "PUBLIC"."CHITS_EMI_DETAIL" VALUES(110, 10, 29750.00, 6, DATE '2024-01-09', NULL, NULL, 2, NULL, NULL, NULL, 'REQUESTED');
INSERT INTO "PUBLIC"."CHITS_EMI_DETAIL" VALUES(111, 11, 30100.00, 6, DATE '2024-02-09', NULL, NULL, 2, NULL, NULL, NULL, 'REQUESTED');
INSERT INTO "PUBLIC"."CHITS_EMI_DETAIL" VALUES(112, 12, 30800.00, 6, DATE '2024-03-09', NULL, NULL, 2, NULL, NULL, NULL, 'REQUESTED');
INSERT INTO "PUBLIC"."CHITS_EMI_DETAIL" VALUES(113, 13, 31500.00, 6, DATE '2024-04-09', NULL, NULL, 2, NULL, NULL, NULL, 'REQUESTED');
INSERT INTO "PUBLIC"."CHITS_EMI_DETAIL" VALUES(114, 14, 32200.00, 6, DATE '2024-05-09', NULL, NULL, 2, NULL, NULL, NULL, 'REQUESTED');
INSERT INTO "PUBLIC"."CHITS_EMI_DETAIL" VALUES(115, 15, 32900.00, 6, DATE '2024-06-09', NULL, NULL, 2, NULL, NULL, NULL, 'REQUESTED');
INSERT INTO "PUBLIC"."CHITS_EMI_DETAIL" VALUES(116, 16, 33600.00, 6, DATE '2024-07-09', NULL, NULL, 2, NULL, NULL, NULL, 'REQUESTED');
INSERT INTO "PUBLIC"."CHITS_EMI_DETAIL" VALUES(117, 17, 33950.00, 6, DATE '2024-08-09', NULL, NULL, 2, NULL, NULL, NULL, 'REQUESTED');
INSERT INTO "PUBLIC"."CHITS_EMI_DETAIL" VALUES(118, 18, 34300.00, 6, DATE '2024-09-09', NULL, NULL, 2, NULL, NULL, NULL, 'REQUESTED');
INSERT INTO "PUBLIC"."CHITS_EMI_DETAIL" VALUES(119, 19, 34650.00, 6, DATE '2024-10-09', NULL, NULL, 2, NULL, NULL, NULL, 'REQUESTED');
INSERT INTO "PUBLIC"."CHITS_EMI_DETAIL" VALUES(120, 20, 35000.00, 6, DATE '2024-11-09', NULL, NULL, 2, NULL, NULL, NULL, 'REQUESTED');




